{
  "hyl": {
    "sounds": [
      {
        "name": "auzercp:1286589960",
        "stream": true
      }
    ]
  },
  "a": {
    "sounds": [
      {
        "name": "auzercp:1286589960",
        "stream": true
      }
    ]
  },
  "hyldsd": {
    "sounds": [
      {
        "name": "auzercp:yin_pin_zhuan_ma__ai_gei_wang__aigei_com",
        "stream": true
      }
    ]
  },
  "um": {
    "sounds": [
      {
        "name": "auzercp:um",
        "stream": true
      }
    ]
  },
  "gwzg": {
    "sounds": [
      {
        "name": "auzercp:guai_wu_zhi_ge_",
        "stream": true
      }
    ]
  },
  "tlg": {
    "sounds": [
      {
        "name": "auzercp:tiao_lou_ji_",
        "stream": true
      }
    ]
  },
  "fwj": {
    "sounds": [
      {
        "name": "auzercp:flirting_with_june",
        "stream": true
      }
    ]
  },
  "lovely": {
    "sounds": [
      {
        "name": "auzercp:zui_jue_wang_de_si_fa_",
        "stream": true
      }
    ]
  },
  "xsmy": {
    "sounds": [
      {
        "name": "auzercp:xie_se_man_yan_",
        "stream": true
      }
    ]
  },
  "tg": {
    "sounds": [
      {
        "name": "auzercp:tg",
        "stream": true
      }
    ]
  },
  "x": {
    "sounds": [
      {
        "name": "auzercp:tan_suo_xiao_qu_",
        "stream": true
      }
    ]
  },
  "ta": {
    "sounds": [
      {
        "name": "auzercp:tan_an_xiao_qu_",
        "stream": true
      }
    ]
  }
}